{
  "version": 1,
  "author": "Fabio Henrique Cabrini",
  "editor": "wokwi",
  "parts": [
    { "type": "wokwi-breadboard-half", "id": "bb1", "top": 54.6, "left": 118, "attrs": {} },
    { "type": "board-esp32-devkit-c-v4", "id": "esp", "top": 115.2, "left": -100.76, "attrs": {} },
    { "type": "chip-pulse", "id": "pulse", "top": 39.42, "left": -100.8, "attrs": {} },
    { "type": "wokwi-mpu6050", "id": "imu1", "top": 263.02, "left": 31.12, "attrs": {} }
  ],
  "connections": [
    [ "esp:TX", "$serialMonitor:RX", "", [] ],
    [ "esp:RX", "$serialMonitor:TX", "", [] ],
    [ "pulse:PULSE", "esp:5", "green", [ "h40.21", "v163.2" ] ],
    [ "imu1:SDA", "esp:21", "purple", [ "v0" ] ],
    [ "imu1:SCL", "esp:23", "orange", [ "v0" ] ],
    [ "imu1:VCC", "bb1:bp.6", "red", [ "v0", "h96.08", "v-28.8" ] ],
    [ "imu1:GND", "bb1:bn.6", "black", [ "v9.6", "h115.28" ] ],
    [ "pulse:GND", "bb1:tn.5", "black", [ "h0", "v-19.2", "h297.6", "v48" ] ],
    [ "pulse:VCC", "bb1:tp.5", "red", [ "h0", "v-9.6", "h288" ] ],
    [ "bb1:tp.25", "bb1:bp.25", "red", [ "v0.3", "h49.6", "v172.8" ] ],
    [ "bb1:bn.25", "bb1:tn.25", "black", [ "v-1.3", "h40", "v-172.8" ] ],
    [ "bb1:bp.1", "esp:3V3", "red", [ "v-0.9", "h-56", "v-134.4", "h-192", "v9.6" ] ],
    [ "bb1:bn.1", "esp:GND.2", "black", [ "v-1.3", "h-142.4", "v-105.6" ] ]
  ],
  "dependencies": {}
}